Workbook

Sheet TO_HOP_CAT_THEP_11M7
B2: DỰ ÁN: TÒA NHÀ TRUNG TÂM ĐIỀU HÀNH & VĂN PHÒNG LÀM VIỆC DÂN DỤNG (3 TẦNG + 1 TUM)
B3: BẢNG TỔ HỢP CẮT THÉP CÂY NGUYÊN 11.7m (1D CUTTING STOCK - TỶ LỆ ĐỀ-XÊ < 1.5%)
A5: TT | B5: Bộ phận kết cấu & Số hiệu thanh | C5: Ký hiệu đường kính (mm) | D5: Số lượng thanh (N) | E5: Dài 1 thanh L (m) | F5: Tổng chiều dài (m) = N x L | G5: Dài cây tiêu chuẩn (m) | H5: Số cây 11.7m cần dùng | I5: Chiều dài phôi (m) | J5: Đề-xê thừa (m) | K5: Tổng trọng lượng (kg) | L5: Tỷ lệ hao hụt (%)
A6: 1 | B6: Thép móng băng - Thép chủ chịu lực đáy | C6: 22 | D6: 180 | E6: 5.8 | F6: =D6*E6 | G6: 11.7 | H6: =ROUNDUP(F6/G6, 0) | I6: =H6*G6 | J6: =I6-F6 | K6: =F6*2.984 | L6: =(J6/I6)*100
A7: 2 | B7: Thép móng băng - Thép giằng móng | C7: 18 | D7: 120 | E7: 11.2 | F7: =D7*E7 | G7: 11.7 | H7: =ROUNDUP(F7/G7, 0) | I7: =H7*G7 | J7: =I7-F7 | K7: =F7*1.998 | L7: =(J7/I7)*100
A8: 3 | B8: Thép móng băng - Thép đai giằng móng | C8: 10 | D8: 360 | E8: 2.2 | F8: =D8*E8 | G8: 11.7 | H8: =ROUNDUP(F8/G8, 0) | I8: =H8*G8 | J8: =I8-F8 | K8: =F8*0.617 | L8: =(J8/I8)*100
A9: TỔNG CỘNG THÉP PHẦN NGẦM & MÓNG (LINK SANG SHEET QS MÓNG) | K9: =SUM(K6:K8)
A10: 4 | B10: Thép cột các tầng - Thép chủ chịu lực dọc (nối so le) | C10: 20 | D10: 192 | E10: 4.2 | F10: =D10*E10 | G10: 11.7 | H10: =ROUNDUP(F10/G10, 0) | I10: =H10*G10 | J10: =I10-F10 | K10: =F10*2.466 | L10: =(J10/I10)*100
A11: 5 | B11: Thép cột các tầng - Thép đai chống nở | C11: 8 | D11: 540 | E11: 1.3 | F11: =D11*E11 | G11: 11.7 | H11: =ROUNDUP(F11/G11, 0) | I11: =H11*G11 | J11: =I11-F11 | K11: =F11*0.395 | L11: =(J11/I11)*100
A12: 6 | B12: Thép dầm sàn các tầng - Thép chủ dầm chính | C12: 22 | D12: 160 | E12: 8.6 | F12: =D12*E12 | G12: 11.7 | H12: =ROUNDUP(F12/G12, 0) | I12: =H12*G12 | J12: =I12-F12 | K12: =F12*2.984 | L12: =(J12/I12)*100
A13: 7 | B13: Thép dầm sàn các tầng - Thép gối dầm & thép kẹp sườn | C13: 16 | D13: 210 | E13: 5.6 | F13: =D13*E13 | G13: 11.7 | H13: =ROUNDUP(F13/G13, 0) | I13: =H13*G13 | J13: =I13-F13 | K13: =F13*1.578 | L13: =(J13/I13)*100
A14: 8 | B14: Thép dầm sàn các tầng - Thép đai dầm | C14: 8 | D14: 850 | E14: 1.7 | F14: =D14*E14 | G14: 11.7 | H14: =ROUNDUP(F14/G14, 0) | I14: =H14*G14 | J14: =I14-F14 | K14: =F14*0.395 | L14: =(J14/I14)*100
A15: 9 | B15: Thép bản sàn các tầng - Thép lưới lớp dưới | C15: 10 | D15: 920 | E15: 5.7 | F15: =D15*E15 | G15: 11.7 | H15: =ROUNDUP(F15/G15, 0) | I15: =H15*G15 | J15: =I15-F15 | K15: =F15*0.617 | L15: =(J15/I15)*100
A16: 10 | B16: Thép bản sàn các tầng - Thép mũ lớp trên (chống mômen âm) | C16: 10 | D16: 780 | E16: 3.8 | F16: =D16*E16 | G16: 11.7 | H16: =ROUNDUP(F16/G16, 0) | I16: =H16*G16 | J16: =I16-F16 | K16: =F16*0.617 | L16: =(J16/I16)*100
A17: 11 | B17: Thép cầu thang bộ - Thép chịu lực bản thang & dầm c.nghỉ | C17: 14 | D17: 120 | E17: 4.5 | F17: =D17*E17 | G17: 11.7 | H17: =ROUNDUP(F17/G17, 0) | I17: =H17*G17 | J17: =I17-F17 | K17: =F17*1.208 | L17: =(J17/I17)*100
A18: TỔNG CỘNG THÉP KẾT CẤU THÂN (LINK SANG SHEET QS THÂN) | K18: =SUM(K10:K17)
A19: TỔNG CỘNG TOÀN BỘ CỐT THÉP CÔNG TRÌNH DÂN DỤNG | K19: =K9+K18

Sheet QS_PHAN_NGAM_MONG
B2: HẠNG MỤC I: PHẦN NGẦM & MÓNG BĂNG CÔNG TRÌNH DÂN DỤNG
B3: Bóc tách kích thước hình học chi tiết Dài x Rộng x Cao x Số lượng (Liên kết công thức)
A5: TT | B5: Mã hiệu định mức | C5: Nội dung công tác & Diễn giải hình học cấu kiện | D5: ĐVT | E5: Số lượng (Cấu kiện) | F5: Dài (m) | G5: Rộng (m) | H5: Cao / Dày (m) | I5: Hệ số hình học | J5: Khối lượng (Công thức) | K5: Đơn giá (VNĐ) | L5: Thành tiền (VNĐ)
A6: 1. CÔNG TÁC ĐÀO ĐẤT, VẬN CHUYỂN VÀ ĐỆM LÓT MÓNG BĂNG
A7: 1 | B7: AB.11211 | C7: Đào móng băng bằng máy kết hợp sửa thủ công | D7: m3 | J7: =SUM(J8:J10) | K7: 58000 | L7: =J7*K7
C8: - Đào móng băng trục dọc A, B (2 dải móng) | D8: m3 | E8: 2 | F8: 28 | G8: 1.8 | H8: 1.6 | I8: 1 | J8: =E8*F8*G8*H8*I8
C9: - Đào móng băng trục ngang 1 đến 5 (5 dải móng) | D9: m3 | E9: 5 | F9: 12 | G9: 1.6 | H9: 1.6 | I9: 1 | J9: =E9*F9*G9*H9*I9
C10: - Đào hố móng bể phốt & hố ga kỹ thuật | D10: m3 | E10: 1 | F10: 6.5 | G10: 4 | H10: 2.2 | I10: 1 | J10: =E10*F10*G10*H10*I10
A11: 2 | B11: AK.11111 | C11: Đệm đá dăm 4x6 lót móng dày 10cm | D11: m3 | J11: =SUM(J12:J13) | K11: 395000 | L11: =J11*K11
C12: - Lót móng trục dọc A, B | D12: m3 | E12: 2 | F12: 28 | G12: 1.8 | H12: 0.1 | I12: 1 | J12: =E12*F12*G12*H12*I12
C13: - Lót móng trục ngang 1 đến 5 | D13: m3 | E13: 5 | F13: 12 | G13: 1.6 | H13: 0.1 | I13: 1 | J13: =E13*F13*G13*H13*I13
A14: 3 | B14: AF.11111 | C14: Bê tông lót móng mác 100 đá 1x2 dày 10cm | D14: m3 | J14: =SUM(J15:J16) | K14: 1180000 | L14: =J14*K14
C15: - Bê tông lót móng băng trục dọc A, B | D15: m3 | E15: 2 | F15: 28 | G15: 1.8 | H15: 0.1 | I15: 1 | J15: =E15*F15*G15*H15*I15
C16: - Bê tông lót móng băng trục ngang 1 đến 5 | D16: m3 | E16: 5 | F16: 12 | G16: 1.6 | H16: 0.1 | I16: 1 | J16: =E16*F16*G16*H16*I16
A17: 2. BÊ TÔNG, VÁN KHUÔN VÀ CỐT THÉP MÓNG BĂNG VÀ GIẰNG MÓNG
A18: 4 | B18: AF.12311 | C18: Bê tông móng băng và giằng móng mác 250 (B20 / 25MPa) | D18: m3 | J18: =SUM(J19:J22) | K18: 1420000 | L18: =J18*K18
C19: - Bản móng băng trục dọc A, B | D19: m3 | E19: 2 | F19: 28 | G19: 1.6 | H19: 0.4 | I19: 1 | J19: =E19*F19*G19*H19*I19
C20: - Sườn dầm giằng móng trục dọc A, B | D20: m3 | E20: 2 | F20: 28 | G20: 0.4 | H20: 0.8 | I20: 1 | J20: =E20*F20*G20*H20*I20
C21: - Bản móng băng trục ngang 1 đến 5 | D21: m3 | E21: 5 | F21: 12 | G21: 1.4 | H21: 0.4 | I21: 1 | J21: =E21*F21*G21*H21*I21
C22: - Sườn dầm giằng móng trục ngang 1 đến 5 | D22: m3 | E22: 5 | F22: 12 | G22: 0.35 | H22: 0.8 | I22: 1 | J22: =E22*F22*G22*H22*I22
A23: 5 | B23: AF.81111 | C23: Ván khuôn móng băng và giằng móng (Ván khuôn phủ phim) | D23: m2 | J23: =SUM(J24:J25) | K23: 185000 | L23: =J23*K23
C24: - Ván khuôn thành móng trục dọc A, B (2 bên) | D24: m2 | E24: 4 | F24: 28 | G24: 1.2 | H24: 1 | I24: 1 | J24: =E24*F24*G24*H24*I24
C25: - Ván khuôn thành móng trục ngang 1 đến 5 (2 bên) | D25: m2 | E25: 10 | F25: 12 | G25: 1.2 | H25: 1 | I25: 1 | J25: =E25*F25*G25*H25*I25
A26: 6 | B26: AF.61210 | C26: Cốt thép móng băng và giằng móng (Lấy từ Sheet Tổ hợp thép 11.7m) | D26: tấn | J26: =TO_HOP_CAT_THEP_11M7!K9/1000 | K26: 22500000 | L26: =J26*K26
A27: 7 | B27: AB.21111 | C27: Đắp cát nền công trình tôn nền K95 và chống mối mọt | D27: m3 | E27: 1 | F27: 28 | G27: 12 | H27: 0.65 | I27: 1 | J27: =E27*F27*G27*H27*I27 | K27: 165000 | L27: =J27*K27
A28: TỔNG CỘNG CHI PHÍ TRỰC TIẾP HẠNG MỤC (T_i) | L28: =L7+L11+L14+L18+L23+L26+L27

Sheet QS_KET_CAU_THAN
B2: HẠNG MỤC II: KẾT CẤU THÂN CÔNG TRÌNH DÂN DỤNG (CỘT, DẦM, SÀN, THANG)
B3: Bóc tách kích thước hình học chi tiết Dài x Rộng x Cao x Số lượng (Liên kết công thức)
A5: TT | B5: Mã hiệu định mức | C5: Nội dung công tác & Diễn giải hình học cấu kiện | D5: ĐVT | E5: Số lượng (Cấu kiện) | F5: Dài (m) | G5: Rộng (m) | H5: Cao / Dày (m) | I5: Hệ số hình học | J5: Khối lượng (Công thức) | K5: Đơn giá (VNĐ) | L5: Thành tiền (VNĐ)
A6: 1. KẾT CẤU CỘT KHUNG BÊ TÔNG CỐT THÉP (TẦNG 1, TẦNG 2, TẦNG 3)
A7: 1 | B7: AF.13111 | C7: Bê tông cột mác 300 (B22.5 / 30MPa) | D7: m3 | J7: =SUM(J8:J10) | K7: 1550000 | L7: =J7*K7
C8: - Cột tầng 1 (16 cột kích thước 300x400, H=3.9m) | D8: m3 | E8: 16 | F8: 0.3 | G8: 0.4 | H8: 3.9 | I8: 1 | J8: =E8*F8*G8*H8*I8
C9: - Cột tầng 2 (16 cột kích thước 300x300, H=3.6m) | D9: m3 | E9: 16 | F9: 0.3 | G9: 0.3 | H9: 3.6 | I9: 1 | J9: =E9*F9*G9*H9*I9
C10: - Cột tầng 3 (16 cột kích thước 300x300, H=3.6m) | D10: m3 | E10: 16 | F10: 0.3 | G10: 0.3 | H10: 3.6 | I10: 1 | J10: =E10*F10*G10*H10*I10
A11: 2 | B11: AF.82111 | C11: Ván khuôn cột gỗ phủ phim các tầng | D11: m2 | J11: =SUM(J12:J14) | K11: 210000 | L11: =J11*K11
C12: - Ván khuôn chu vi cột tầng 1 (2*(0.3+0.4)=1.4m) | D12: m2 | E12: 16 | F12: 1.4 | G12: 3.9 | H12: 1 | I12: 1 | J12: =E12*F12*G12*H12*I12
C13: - Ván khuôn chu vi cột tầng 2 (4*0.3=1.2m) | D13: m2 | E13: 16 | F13: 1.2 | G13: 3.6 | H13: 1 | I13: 1 | J13: =E13*F13*G13*H13*I13
C14: - Ván khuôn chu vi cột tầng 3 (4*0.3=1.2m) | D14: m2 | E14: 16 | F14: 1.2 | G14: 3.6 | H14: 1 | I14: 1 | J14: =E14*F14*G14*H14*I14
A15: 2. KẾT CẤU DẦM, BẢN SÀN VÀ CẦU THANG BỘ CÁC TẦNG
A16: 3 | B16: AF.14111 | C16: Bê tông dầm sàn các tầng mác 250 (B20 / 25MPa) | D16: m3 | J16: =SUM(J17:J23) | K16: 1460000 | L16: =J16*K16
C17: - Bản sàn tầng 2 (Dày 120mm, trừ diện tích ô thang 18m2) | D17: m3 | E17: 1 | F17: 28 | G17: 12 | H17: 0.12 | I17: 0.95 | J17: =E17*F17*G17*H17*I17
C18: - Hệ dầm chính dọc trục A, B tầng 2 (2 dầm 300x600) | D18: m3 | E18: 2 | F18: 28 | G18: 0.3 | H18: 0.48 | I18: 1 | J18: =E18*F18*G18*H18*I18
C19: - Hệ dầm chính ngang tầng 2 (5 dầm 250x500) | D19: m3 | E19: 5 | F19: 12 | G19: 0.25 | H19: 0.38 | I19: 1 | J19: =E19*F19*G19*H19*I19
C20: - Bản sàn tầng 3 (Dày 120mm) | D20: m3 | E20: 1 | F20: 28 | G20: 12 | H20: 0.12 | I20: 0.95 | J20: =E20*F20*G20*H20*I20
C21: - Hệ dầm sàn tầng 3 | D21: m3 | E21: 2 | F21: 28 | G21: 0.3 | H21: 0.48 | I21: 1 | J21: =E21*F21*G21*H21*I21
C22: - Bản sàn mái và dầm mái tum | D22: m3 | E22: 1 | F22: 28 | G22: 12 | H22: 0.12 | I22: 0.85 | J22: =E22*F22*G22*H22*I22
C23: - Bản thang bộ và dầm chiếu nghỉ (3 vế thang) | D23: m3 | E23: 3 | F23: 4.2 | G23: 1.4 | H23: 0.15 | I23: 1 | J23: =E23*F23*G23*H23*I23
A24: 4 | B24: AF.83111 | C24: Ván khuôn dầm sàn và cầu thang bộ phủ phim kết hợp giáo nêm | D24: m2 | J24: =SUM(J25:J28) | K24: 225000 | L24: =J24*K24
C25: - Đáy và thành dầm sàn tầng 2 | D25: m2 | E25: 1 | F25: 28 | G25: 12 | H25: 1 | I25: 1.15 | J25: =E25*F25*G25*H25*I25
C26: - Đáy và thành dầm sàn tầng 3 | D26: m2 | E26: 1 | F26: 28 | G26: 12 | H26: 1 | I26: 1.15 | J26: =E26*F26*G26*H26*I26
C27: - Đáy và thành dầm sàn tầng mái | D27: m2 | E27: 1 | F27: 28 | G27: 12 | H27: 1 | I27: 1.05 | J27: =E27*F27*G27*H27*I27
C28: - Cầu thang bộ (đáy bản nghiêng và cốn thang) | D28: m2 | E28: 3 | F28: 4.5 | G28: 1.4 | H28: 1 | I28: 1.2 | J28: =E28*F28*G28*H28*I28
A29: 5 | B29: AF.61310 | C29: Cốt thép kết cấu thân (Cột, Dầm, Sàn, Thang) - Link từ Sheet Thép 11.7m | D29: tấn | J29: =TO_HOP_CAT_THEP_11M7!K18/1000 | K29: 23500000 | L29: =J29*K29
A30: TỔNG CỘNG CHI PHÍ TRỰC TIẾP HẠNG MỤC (T_i) | L30: =L7+L11+L16+L24+L29

Sheet QS_HOAN_THIEN
B2: HẠNG MỤC III: HOÀN THIỆN KIẾN TRÚC CÔNG TRÌNH DÂN DỤNG
B3: Bóc tách kích thước hình học chi tiết Dài x Rộng x Cao x Số lượng (Liên kết công thức)
A5: TT | B5: Mã hiệu định mức | C5: Nội dung công tác & Diễn giải hình học cấu kiện | D5: ĐVT | E5: Số lượng (Cấu kiện) | F5: Dài (m) | G5: Rộng (m) | H5: Cao / Dày (m) | I5: Hệ số hình học | J5: Khối lượng (Công thức) | K5: Đơn giá (VNĐ) | L5: Thành tiền (VNĐ)
A6: 1. CÔNG TÁC XÂY TƯỜNG, TRÁT VÀ CHỐNG THẤM
A7: 1 | B7: AK.21111 | C7: Xây tường bao che ngoài nhà dày 220mm gạch tuynel vữa M75 | D7: m3 | J7: =SUM(J8:J10) | K7: 1380000 | L7: =J7*K7
C8: - Tường ngoài tầng 1 (Chu vi 80m, cao 3.9m, trừ cửa 20%) | D8: m3 | E8: 1 | F8: 80 | G8: 0.22 | H8: 3.9 | I8: 0.8 | J8: =E8*F8*G8*H8*I8
C9: - Tường ngoài tầng 2 (Chu vi 80m, cao 3.6m, trừ cửa 25%) | D9: m3 | E9: 1 | F9: 80 | G9: 0.22 | H9: 3.6 | I9: 0.75 | J9: =E9*F9*G9*H9*I9
C10: - Tường ngoài tầng 3 (Chu vi 80m, cao 3.6m, trừ cửa 25%) | D10: m3 | E10: 1 | F10: 80 | G10: 0.22 | H10: 3.6 | I10: 0.75 | J10: =E10*F10*G10*H10*I10
A11: 2 | B11: AK.21211 | C11: Xây tường ngăn phòng trong nhà dày 110mm gạch tuynel vữa M75 | D11: m3 | J11: =SUM(J12:J14) | K11: 1420000 | L11: =J11*K11
C12: - Tường ngăn phòng tầng 1 | D12: m3 | E12: 6 | F12: 12 | G12: 0.11 | H12: 3.9 | I12: 0.85 | J12: =E12*F12*G12*H12*I12
C13: - Tường ngăn phòng tầng 2 | D13: m3 | E13: 8 | F13: 12 | G13: 0.11 | H13: 3.6 | I13: 0.85 | J13: =E13*F13*G13*H13*I13
C14: - Tường ngăn phòng tầng 3 | D14: m3 | E14: 8 | F14: 12 | G14: 0.11 | H14: 3.6 | I14: 0.85 | J14: =E14*F14*G14*H14*I14
A15: 3 | B15: AK.51111 | C15: Trát tường ngoài nhà vữa XM M75 dày 1.5cm có phụ gia chống thấm | D15: m2 | E15: 1 | F15: 80 | G15: 11.5 | H15: 1 | I15: 0.85 | J15: =E15*F15*G15*H15*I15 | K15: 125000 | L15: =J15*K15
A16: 4 | B16: AK.51211 | C16: Trát tường trong nhà và dầm trần vữa XM M75 dày 1.5cm | D16: m2 | E16: 1 | F16: 28 | G16: 12 | H16: 1 | I16: 4.8 | J16: =E16*F16*G16*H16*I16 | K16: 110000 | L16: =J16*K16
A17: 5 | B17: AK.61111 | C17: Quét chống thấm sàn vệ sinh và sê nô mái (Sika Topseal 107) | D17: m2 | E17: 1 | F17: 28 | G17: 12 | H17: 1 | I17: 0.18 | J17: =E17*F17*G17*H17*I17 | K17: 165000 | L17: =J17*K17
A18: 2. CÔNG TÁC ỐP LÁT, SƠN BẢ, TRẦN THẠCH CAO VÀ CỬA
A19: 6 | B19: AK.71111 | C19: Lát nền gạch Granite nhân tạo 600x600 phòng làm việc và hành lang | D19: m2 | E19: 3 | F19: 28 | G19: 12 | H19: 1 | I19: 0.82 | J19: =E19*F19*G19*H19*I19 | K19: 345000 | L19: =J19*K19
A20: 7 | B20: AK.71211 | C20: Lát gạch Ceramic chống trượt 300x300 khu vệ sinh và ban công | D20: m2 | E20: 3 | F20: 8 | G20: 4 | H20: 1 | I20: 1 | J20: =E20*F20*G20*H20*I20 | K20: 260000 | L20: =J20*K20
A21: 8 | B21: AK.81111 | C21: Ốp gạch Ceramic 300x600 tường khu vệ sinh cao H=2.4m | D21: m2 | E21: 3 | F21: 24 | G21: 2.4 | H21: 1 | I21: 1 | J21: =E21*F21*G21*H21*I21 | K21: 290000 | L21: =J21*K21
A22: 9 | B22: AK.91111 | C22: Sơn bả matit 3 nước tường ngoài và trong nhà (Sơn Dulux cao cấp) | D22: m2 | E22: 1 | F22: 28 | G22: 12 | H22: 1 | I22: 5.5 | J22: =E22*F22*G22*H22*I22 | K22: 85000 | L22: =J22*K22
A23: 10 | B23: AK.92111 | C23: Trần thạch cao khung chìm chống ẩm tấm Gyproc dày 9mm | D23: m2 | E23: 3 | F23: 28 | G23: 12 | H23: 1 | I23: 0.75 | J23: =E23*F23*G23*H23*I23 | K23: 230000 | L23: =J23*K23
A24: 11 | B24: CP.11111 | C24: Cửa đi, cửa sổ nhôm hệ Xingfa nhập khẩu kính an toàn 8.38mm | D24: m2 | E24: 1 | F24: 80 | G24: 11.5 | H24: 1 | I24: 0.22 | J24: =E24*F24*G24*H24*I24 | K24: 1950000 | L24: =J24*K24
A25: TỔNG CỘNG CHI PHÍ TRỰC TIẾP HẠNG MỤC (T_i) | L25: =L7+L11+L15+L16+L17+L19+L20+L21+L22+L23+L24

Sheet QS_MEP_PHU_TRO
B2: HẠNG MỤC IV: CƠ ĐIỆN (MEP) & CÔNG TRÌNH PHỤ TRỢ AN TOÀN
B3: Bóc tách kích thước hình học chi tiết Dài x Rộng x Cao x Số lượng (Liên kết công thức)
A5: TT | B5: Mã hiệu định mức | C5: Nội dung công tác & Diễn giải hình học cấu kiện | D5: ĐVT | E5: Số lượng (Cấu kiện) | F5: Dài (m) | G5: Rộng (m) | H5: Cao / Dày (m) | I5: Hệ số hình học | J5: Khối lượng (Công thức) | K5: Đơn giá (VNĐ) | L5: Thành tiền (VNĐ)
A6: 1. HỆ THỐNG CƠ ĐIỆN (MEP) VÀ THIẾT BỊ VỆ SINH
A7: 1 | B7: BA.11111 | C7: Hệ thống cấp nước ống hàn nhiệt PPR D25-D50 và phụ kiện | D7: mét | E7: 3 | F7: 65 | G7: 1 | H7: 1 | I7: 1 | J7: =E7*F7*G7*H7*I7 | K7: 95000 | L7: =J7*K7
A8: 2 | B8: BA.12111 | C8: Hệ thống thoát nước ống uPVC Tiền Phong D60-D110 | D8: mét | E8: 3 | F8: 85 | G8: 1 | H8: 1 | I8: 1 | J8: =E8*F8*G8*H8*I8 | K8: 115000 | L8: =J8*K8
A9: 3 | B9: BA.21111 | C9: Thiết bị vệ sinh đồng bộ (Bồn cầu, Lavabo, vòi sen Inax) | D9: bộ | E9: 6 | F9: 1 | G9: 1 | H9: 1 | I9: 1 | J9: =E9*F9*G9*H9*I9 | K9: 6800000 | L9: =J9*K9
A10: 4 | B10: BD.11111 | C10: Hệ thống cấp điện chiếu sáng, ổ cắm và dây cáp ngầm Cadisun | D10: m2_san | E10: 3 | F10: 28 | G10: 12 | H10: 1 | I10: 1 | J10: =E10*F10*G10*H10*I10 | K10: 240000 | L10: =J10*K10
A11: 5 | B11: BD.21111 | C11: Hệ thống chống sét tia tiên đạo bán kính R=50m và tiếp địa đồng | D11: hệ | E11: 1 | F11: 1 | G11: 1 | H11: 1 | I11: 1 | J11: =E11*F11*G11*H11*I11 | K11: 38500000 | L11: =J11*K11
A12: 2. GIÀN GIÁO THÉP BAO CHE AN TOÀN LAO ĐỘNG
A13: 6 | B13: AL.51111 | C13: Giàn giáo thép bao che ngoài nhà kết hợp lưới chống rơi H=14.5m | D13: m2 | E13: 1 | F13: 80 | G13: 14.5 | H13: 1 | I13: 1 | J13: =E13*F13*G13*H13*I13 | K13: 48000 | L13: =J13*K13
A14: TỔNG CỘNG CHI PHÍ TRỰC TIẾP HẠNG MỤC (T_i) | L14: =L7+L8+L9+L10+L11+L13

Sheet TONG_HOP_DU_TOAN_GXD
B2: DỰ ÁN: TÒA NHÀ TRUNG TÂM ĐIỀU HÀNH & VĂN PHÒNG LÀM VIỆC DÂN DỤNG (3 TẦNG + 1 TUM)
B3: BẢNG TỔNG HỢP DỰ TOÁN KINH PHÍ XÂY DỰNG G_XD (CHUẨN CÔNG TRÌNH DÂN DỤNG)
A5: TT | B5: Khoản mục chi phí / Phân cấp hạng mục | C5: Cách tính / Căn cứ định mức TT 11/2021 | D5: Ký hiệu | E5: Giá trị (VNĐ)
A6: 1 | B6: HẠNG MỤC I: PHẦN NGẦM & MÓNG BĂNG | C6: Link từ Sheet QS Móng (Ô L28) | D6: T_1 | E6: =QS_PHAN_NGAM_MONG!L28
A7: 2 | B7: HẠNG MỤC II: KẾT CẤU THÂN (CỘT, DẦM, SÀN, THANG) | C7: Link từ Sheet QS Thân (Ô L30) | D7: T_2 | E7: =QS_KET_CAU_THAN!L30
A8: 3 | B8: HẠNG MỤC III: HOÀN THIỆN KIẾN TRÚC | C8: Link từ Sheet QS Hoàn thiện (Ô L25) | D8: T_3 | E8: =QS_HOAN_THIEN!L25
A9: 4 | B9: HẠNG MỤC IV: CƠ ĐIỆN (MEP) & GIÀN GIÁO BAO CHE | C9: Link từ Sheet QS MEP (Ô L14) | D9: T_4 | E9: =QS_MEP_PHU_TRO!L14
A10: I | B10: TỔNG CHI PHÍ TRỰC TIẾP TOÀN DỰ ÁN (T) | C10: T = T_1 + T_2 + T_3 + T_4 | D10: T | E10: =E6+E7+E8+E9
A11: II | B11: CHI PHÍ GIÁN TIẾP (GT) - CHUẨN CÔNG TRÌNH DÂN DỤNG | C11: GT = T x 8.70% | D11: GT | E11: =E10*0.087
B12: - Chi phí chung | C12: 6.5% x T (Công trình dân dụng TT 11/2021) | D12: T_chung | E12: =E10*0.065
B13: - Chi phí xây dựng nhà tạm để ở và điều hành thi công | C13: 1.2% x T | D13: T_tam | E13: =E10*0.012
B14: - Chi phí một số công tác không xác định được KL từ TK | C14: 1.0% x T | D14: T_kxd | E14: =E10*0.010
A15: III | B15: THU NHẬP CHỊU THUẾ TÍNH TRƯỚC (TL) | C15: TL = (T + GT) x 5.5% | D15: TL | E15: =(E10+E11)*0.055
A16: IV | B16: CHI PHÍ XÂY DỰNG TRƯỚC THUẾ (G) | C16: G = T + GT + TL | D16: G | E16: =E10+E11+E15
A17: V | B17: THUẾ GIÁ TRỊ GIA TĂNG (VAT) | C17: VAT = G x 8% | D17: VAT | E17: =E16*0.08
A18: VI | B18: TỔNG CỘNG CHI PHÍ XÂY DỰNG CÔNG TRÌNH (G_XD) | C18: G_XD = G + VAT | D18: G_XD | E18: =E16+E17

Sheet TIEN_DO_THI_CONG_WBS
B2: DỰ ÁN: TÒA NHÀ TRUNG TÂM ĐIỀU HÀNH & VĂN PHÒNG LÀM VIỆC DÂN DỤNG (3 TẦNG + 1 TUM)
B3: BẢNG TIẾN ĐỘ THI CÔNG CHI TIẾT & ĐIỀU PHỐI TÀI NGUYÊN NHÂN LỰC (THÔNG TƯ 12/2021/TT-BXD)
A5: ID | B5: WBS | C5: Tên công tác thi công | D5: Khối lượng | E5: ĐVT | F5: Định mức nhân công (công/ĐVT) | G5: Tổng hao phí (Công = KL*ĐM) | H5: Tổ đội (Người) | I5: Thời gian (Ngày = Công/Tổ) | J5: Ngày bắt đầu (Start) | K5: Ngày kết thúc (Finish) | L5: Công việc trước (Predecessors) | M5: Đường găng (Critical Path)
A6: 1 | B6: 1.0 | C6: CHUẨN BỊ MẶT BẰNG & ĐÀO MÓNG | J6: 2026-10-01 | K6: 2026-10-14 | M6: SUM
A7: 2 | B7: 1.1 | C7: Đào đất móng băng bằng máy kết hợp thủ công | D7: =QS_PHAN_NGAM_MONG!J7 | E7: m3 | F7: 0.15 | G7: =D7*F7 | H7: 12 | I7: =ROUNDUP(G7/H7, 0) | J7: 2026-10-01 | K7: 2026-10-05 | M7: YES
A8: 3 | B8: 1.2 | C8: Đệm đá dăm và đổ bê tông lót móng | D8: =QS_PHAN_NGAM_MONG!J11 | E8: m3 | F8: 0.85 | G8: =D8*F8 | H8: 10 | I8: =ROUNDUP(G8/H8, 0) | J8: 2026-10-06 | K8: 2026-10-08 | L8: 2FS | M8: YES
A9: 4 | B9: 1.3 | C9: Gia công lắp dựng cốt thép móng & giằng móng | D9: =QS_PHAN_NGAM_MONG!J19 | E9: tấn | F9: 18.5 | G9: =D9*F9 | H9: 12 | I9: =ROUNDUP(G9/H9, 0) | J9: 2026-10-09 | K9: 2026-10-14 | L9: 3FS | M9: YES
A10: 5 | B10: 1.4 | C10: Lắp dựng ván khuôn móng băng | D10: =QS_PHAN_NGAM_MONG!J17 | E10: m2 | F10: 0.45 | G10: =D10*F10 | H10: 10 | I10: =ROUNDUP(G10/H10, 0) | J10: 2026-10-11 | K10: 2026-10-14 | L10: 4SS+2 | M10: NO
A11: 6 | B11: 1.5 | C11: Đổ bê tông móng băng mác 250 và bảo dưỡng | D11: =QS_PHAN_NGAM_MONG!J13 | E11: m3 | F11: 0.95 | G11: =D11*F11 | H11: 16 | I11: =ROUNDUP(G11/H11, 0) | J11: 2026-10-15 | K11: 2026-10-16 | L11: 4FS, 5FS | M11: YES
A12: 7 | B12: 2.0 | C12: KẾT CẤU KHUNG BTCT TẦNG 1 | J12: 2026-10-17 | K12: 2026-11-05 | M12: SUM
A13: 8 | B13: 2.1 | C13: Cốt thép và ván khuôn cột tầng 1 | D13: =QS_KET_CAU_THAN!J11 | E13: m2 | F13: 0.55 | G13: =D13*F13 | H13: 12 | I13: =ROUNDUP(G13/H13, 0) | J13: 2026-10-17 | K13: 2026-10-21 | L13: 6FS | M13: YES
A14: 9 | B14: 2.2 | C14: Đổ bê tông cột tầng 1 | D14: =QS_KET_CAU_THAN!J7 | E14: m3 | F14: 1.2 | G14: =D14*F14 | H14: 10 | I14: =ROUNDUP(G14/H14, 0) | J14: 2026-10-22 | K14: 2026-10-23 | L14: 8FS | M14: YES
A15: 10 | B15: 2.3 | C15: Lắp dựng giáo nêm, ván khuôn dầm sàn tầng 2 | D15: =QS_KET_CAU_THAN!J22 | E15: m2 | F15: 0.5 | G15: =D15*F15 | H15: 16 | I15: =ROUNDUP(G15/H15, 0) | J15: 2026-10-24 | K15: 2026-10-30 | L15: 9FS | M15: YES
A16: 11 | B16: 2.4 | C16: Gia công lắp đặt cốt thép dầm sàn tầng 2 | D16: 8.2 | E16: tấn | F16: 19 | G16: =D16*F16 | H16: 14 | I16: =ROUNDUP(G16/H16, 0) | J16: 2026-10-27 | K16: 2026-11-01 | L16: 10SS+3 | M16: YES
A17: 12 | B17: 2.5 | C17: Đổ bê tông dầm sàn tầng 2 (bảo dưỡng ẩm R7) | D17: =QS_KET_CAU_THAN!J14 | E17: m3 | F17: 0.9 | G17: =D17*F17 | H17: 18 | I17: =ROUNDUP(G17/H17, 0) | J17: 2026-11-02 | K17: 2026-11-03 | L17: 11FS | M17: YES
A18: 13 | B18: 3.0 | C18: KẾT CẤU KHUNG BTCT TẦNG 2 & TẦNG 3 | J18: 2026-11-04 | K18: 2026-12-15 | M18: SUM
A19: 14 | B19: 3.1 | C19: Cột, ván khuôn và bê tông cột tầng 2 | D19: 6.8 | E19: m3 | F19: 1.2 | G19: =D19*F19 | H19: 12 | I19: =ROUNDUP(G19/H19, 0) | J19: 2026-11-04 | K19: 2026-11-07 | L19: 12FS | M19: YES
A20: 15 | B20: 3.2 | C20: Ván khuôn và cốt thép dầm sàn tầng 3 | D20: 8.2 | E20: tấn | F20: 19 | G20: =D20*F20 | H20: 16 | I20: =ROUNDUP(G20/H20, 0) | J20: 2026-11-08 | K20: 2026-11-15 | L20: 14FS | M20: YES
A21: 16 | B21: 3.3 | C21: Đổ bê tông dầm sàn tầng 3 | D21: =QS_KET_CAU_THAN!J17 | E21: m3 | F21: 0.9 | G21: =D21*F21 | H21: 18 | I21: =ROUNDUP(G21/H21, 0) | J21: 2026-11-16 | K21: 2026-11-17 | L21: 15FS | M21: YES
A22: 17 | B22: 3.4 | C22: Cột, dầm sàn mái và tum thang | D22: 9.5 | E22: m3 | F22: 1.1 | G22: =D22*F22 | H22: 16 | I22: =ROUNDUP(G22/H22, 0) | J22: 2026-11-18 | K22: 2026-11-30 | L22: 16FS | M22: YES
A23: 18 | B23: 4.0 | C23: HOÀN THIỆN KIẾN TRÚC & MEP | J23: 2026-12-01 | K23: 2027-02-15 | M23: SUM
A24: 19 | B24: 4.1 | C24: Lắp dựng giàn giáo bao che ngoài nhà | D24: =QS_MEP_PHU_TRO!J14 | E24: m2 | F24: 0.12 | G24: =D24*F24 | H24: 10 | I24: =ROUNDUP(G24/H24, 0) | J24: 2026-12-01 | K24: 2026-12-06 | L24: 17FS | M24: NO
A25: 20 | B25: 4.2 | C25: Xây tường bao 220mm và tường ngăn 110mm | D25: =QS_HOAN_THIEN!J7 | E25: m3 | F25: 2.2 | G25: =D25*F25 | H25: 20 | I25: =ROUNDUP(G25/H25, 0) | J25: 2026-12-02 | K25: 2026-12-20 | L25: 17FS | M25: YES
A26: 21 | B26: 4.3 | C26: Lắp đặt đường ống cấp thoát nước & luồn ống điện | D26: 1 | E26: hệ | F26: 150 | G26: =D26*F26 | H26: 8 | I26: =ROUNDUP(G26/H26, 0) | J26: 2026-12-10 | K26: 2026-12-25 | L26: 20SS+8 | M26: NO
A27: 22 | B27: 4.4 | C27: Trát tường trong và trát ngoài nhà | D27: =QS_HOAN_THIEN!J16 | E27: m2 | F27: 0.28 | G27: =D27*F27 | H27: 20 | I27: =ROUNDUP(G27/H27, 0) | J27: 2026-12-21 | K27: 2027-01-08 | L27: 20FS | M27: YES
A28: 23 | B28: 4.5 | C28: Chống thấm vệ sinh, ốp lát gạch nền & tường | D28: =QS_HOAN_THIEN!J21 | E28: m2 | F28: 0.42 | G28: =D28*F28 | H28: 14 | I28: =ROUNDUP(G28/H28, 0) | J28: 2027-01-09 | K28: 2027-01-24 | L28: 22FS | M28: YES
A29: 24 | B29: 4.6 | C29: Trần thạch cao, sơn bả matit 3 nước và cửa nhôm kính | D29: =QS_HOAN_THIEN!J25 | E29: m2 | F29: 0.25 | G29: =D29*F29 | H29: 16 | I29: =ROUNDUP(G29/H29, 0) | J29: 2027-01-20 | K29: 2027-02-05 | L29: 23SS+10 | M29: YES
A30: 25 | B30: 4.7 | C30: Lắp đặt thiết bị vệ sinh, đèn chiếu sáng & dọn vệ sinh | D30: 1 | E30: gói | F30: 80 | G30: =D30*F30 | H30: 10 | I30: =ROUNDUP(G30/H30, 0) | J30: 2027-02-06 | K30: 2027-02-14 | L30: 24FS | M30: YES
A31: 26 | B31: 4.8 | C31: Nghiệm thu hoàn thành đưa vào sử dụng | D31: 1 | E31: CT | F31: 0 | G31: =D31*F31 | H31: 0 | I31: =ROUNDUP(G31/H31, 0) | J31: 2027-02-15 | K31: 2027-02-15 | L31: 25FS | M31: YES

Sheet HOSO_KCS_NGHIEM_THU
B2: DỰ ÁN: TÒA NHÀ TRUNG TÂM ĐIỀU HÀNH & VĂN PHÒNG LÀM VIỆC DÂN DỤNG (3 TẦNG + 1 TUM)
B3: DANH MỤC HỒ SƠ QUẢN LÝ CHẤT LƯỢNG & BIÊN BẢN NGHIỆM THU KCS (LUẬT XD 135/2025/QH15)
A5: STT | B5: Số hiệu biên bản | C5: Tên công việc / Giai đoạn nghiệm thu | D5: Khối lượng nghiệm thu | E5: ĐVT | F5: Căn cứ quy chuẩn / Tiêu chuẩn kỹ thuật | G5: Chỉ tiêu thí nghiệm / Kiểm tra KCS
A6: 1 | B6: BBNT-01 | C6: Bàn giao tim mốc định vị công trình, cao độ chuẩn và mặt bằng | D6: 1 | E6: Điểm | F6: TCVN 9393:2012 | G6: Sai số định vị tim trục <= 3mm, cao độ <= 2mm
A7: 2 | B7: BBNT-02 | C7: Kiểm tra chất lượng vật liệu đầu vào (Xi măng, Cát, Đá, Thép) | D7: 1 | E7: Lô | F7: TCVN 1651:2018 | G7: Chứng chỉ CO/CQ, kéo uốn thép, nén dập đá dăm
A8: 3 | B8: BBNT-03 | C8: Nghiệm thu hố móng băng trục dọc A, B và trục ngang 1-5 | D8: =QS_PHAN_NGAM_MONG!J7 | E8: m3 | F8: TCVN 4447:2012 | G8: Kích thước hình học, dọn sạch bùn rác, cao độ đáy móng
A9: 4 | B9: BBNT-04 | C9: Nghiệm thu đệm đá dăm và bê tông lót móng băng dày 10cm | D9: =QS_PHAN_NGAM_MONG!J11 | E9: m3 | F9: TCVN 4453:1995 | G9: Độ dày >= 100mm, độ phẳng đáy lớp đệm
A10: 5 | B10: BBNT-05 | C10: Nghiệm thu ván khuôn, cốt thép móng băng và giằng móng | D10: =QS_PHAN_NGAM_MONG!J19 | E10: tấn | F10: TCVN 4453:1995 | G10: Khoảng cách cốt thép +-10mm, chiều dày bảo vệ 35mm
A11: 6 | B11: BBNT-06 | C11: Nghiệm thu đổ bê tông móng băng mác 250 và đúc mẫu | D11: =QS_PHAN_NGAM_MONG!J13 | E11: m3 | F11: TCVN 3105:2022 | G11: Độ sụt 12+-2cm, đúc 6 tổ mẫu kiểm tra R7, R28
A12: 7 | B12: BBNT-07 | C12: Nghiệm thu cốt thép và ván khuôn cột tầng 1 | D12: =QS_KET_CAU_THAN!J11 | E12: m2 | F12: TCVN 4453:1995 | G12: Độ thẳng đứng cột sai số <= 5mm, giằng chống chắc
A13: 8 | B13: BBNT-08 | C13: Nghiệm thu đổ bê tông cột tầng 1 mác 300 | D13: =QS_KET_CAU_THAN!J7 | E13: m3 | F13: TCVN 3105:2022 | G13: Không rỗ tổ ong, bảo dưỡng ẩm liên tục 7 ngày
A14: 9 | B14: BBNT-09 | C14: Nghiệm thu ván khuôn, giáo nêm dầm sàn tầng 2 | D14: =QS_KET_CAU_THAN!J22 | E14: m2 | F14: TCVN 4453:1995 | G14: Độ võng ván khuôn, kín khít không mất nước xi măng
A15: 10 | B15: BBNT-10 | C15: Nghiệm thu cốt thép dầm sàn tầng 2 và con kê bê tông | D15: =QS_KET_CAU_THAN!J25 | E15: tấn | F15: TCVN 1651:2018 | G15: Vị trí nối thép so le, thép mũ âm dầm sàn đúng TK
A16: 11 | B16: BBNT-11 | C16: Nghiệm thu đổ bê tông dầm sàn tầng 2 mác 250 | D16: =QS_KET_CAU_THAN!J14 | E16: m3 | F16: TCVN 3105:2022 | G16: Đầm dùi kỹ, gạt phẳng mặt sàn, đúc mẫu R28
A17: 12 | B17: BBNT-12 | C17: Nghiệm thu cốt thép, ván khuôn, bê tông cột dầm sàn tầng 3 | D17: =QS_KET_CAU_THAN!J17 | E17: m3 | F17: TCVN 4453:1995 | G17: Đúng cao độ thiết kế tầng 3, kiểm tra liên kết nút khung
A18: 13 | B18: BBNT-13 | C18: Nghiệm thu bê tông bản sàn mái tum và dầm mái | D18: =QS_KET_CAU_THAN!J19 | E18: m3 | F18: TCVN 3105:2022 | G18: Độ dốc thoát nước mái >= 2%, không đọng nước
A19: 14 | B19: BBNT-14 | C19: Nghiệm thu giàn giáo bao che ngoài nhà kết hợp lưới an toàn | D19: =QS_MEP_PHU_TRO!J14 | E19: m2 | F19: TCVN 5308:1991 | G19: Neo giữ giàn giáo vào khung nhà chắc chắn, lưới phủ kín
A20: 15 | B20: BBNT-15 | C20: Nghiệm thu xây tường bao 220mm và tường ngăn 110mm | D20: =QS_HOAN_THIEN!J7 | E20: m3 | F20: TCVN 4085:2011 | G20: Mạch vữa no đều dày 10-12mm, câu râu thép cột-tường
A21: 16 | B21: BBNT-16 | C21: Nghiệm thu trát tường ngoài nhà có phụ gia chống thấm | D21: =QS_HOAN_THIEN!J15 | E21: m2 | F21: TCVN 9377:2012 | G21: Bề mặt phẳng, không nứt chân chim, thử thấm nước
A22: 17 | B22: BBNT-17 | C22: Nghiệm thu trát tường trong nhà và trát dầm trần | D22: =QS_HOAN_THIEN!J16 | E22: m2 | F22: TCVN 9377:2012 | G22: Độ phẳng thước 2m khe hở <= 2mm, góc ke vuông vức
A23: 18 | B23: BBNT-18 | C23: Nghiệm thu chống thấm sàn vệ sinh và ban công mái | D23: =QS_HOAN_THIEN!J17 | E23: m2 | F23: TCVN 9386:2012 | G23: Ngâm thử nước 48h kiểm tra rò rỉ, quét màng đàn hồi
A24: 19 | B24: BBNT-19 | C24: Nghiệm thu ốp lát gạch nền và gạch tường vệ sinh | D24: =QS_HOAN_THIEN!J20 | E24: m2 | F24: TCVN 9377:2012 | G24: Mạch gạch thẳng đều, không bộp vữa, độ dốc ga thoát
A25: 20 | B25: BBNT-20 | C25: Nghiệm thu trần thạch cao khung chìm và sơn bả matit | D25: =QS_HOAN_THIEN!J24 | E25: m2 | F25: TCVN 9377:2012 | G25: Khung xương phẳng, sơn đều màu không loang lổ
A26: 21 | B26: BBNT-21 | C26: Nghiệm thu lắp đặt cửa nhôm hệ Xingfa và phụ kiện Kinlong | D26: =QS_HOAN_THIEN!J25 | E26: m2 | F26: TCVN 9366:2012 | G26: Kín khít gió mưa, đóng mở êm thuận, gioăng cao su khít
A27: 22 | B27: BBNT-22 | C27: Nghiệm thu hệ thống đường ống cấp thoát nước (Thử áp 6 bar) | D27: 1 | E27: Hệ | F27: TCVN 4513:1988 | G27: Thử áp lực đường ống kín nước, không rò rỉ
A28: 23 | B28: BBNT-23 | C28: Nghiệm thu hệ thống điện chiếu sáng, ổ cắm & đo điện trở đất | D28: 1 | E28: Hệ | F28: TCVN 9385:2012 | G28: Điện trở tiếp địa chống sét R <= 10 Ohm
A29: 24 | B29: BBNT-24 | C29: Nghiệm thu hoàn thành công trình đưa vào sử dụng | D29: 1 | E29: Công trình | F29: Nghị định 207/2026/NĐ-CP | G29: Đầy đủ hồ sơ hoàn công, kiểm định an toàn PCCC
